# DMITool Difference Report: C:\Users\Rob\Documents\Projects\Baystation12\icons C:\Users\Rob\Documents\Projects\vgstation13\icons
--- C:\Users\Rob\Documents\Projects\Baystation12\icons\robot_component.dmi
+++ C:\Users\Rob\Documents\Projects\vgstation13\icons\robot_component.dmi
 C:\Users\Rob\Documents\Projects\Baystation12\icons\robot_component.dmi: Received error, continuing: Traceback (most recent call last):
  File "tools/OpenBYOND/src/DMITool.py", line 133, in compare
    theirsDMI.loadAll()
  File "C:\Users\Rob\Documents\Projects\vgstation13\tools\OpenBYOND\src\com\byond\DMI\__init__.py", line 182, in loadAll
    self.load(flags)
  File "C:\Users\Rob\Documents\Projects\vgstation13\tools\OpenBYOND\src\com\byond\DMI\__init__.py", line 185, in load
    self.img = Image.open(self.filename)
  File "C:\Python33\lib\site-packages\PIL\Image.py", line 1996, in open
    raise IOError("cannot identify image file")
OSError: cannot identify image file

 - actuator
 - armor_plating
 - binary_translator
 - camera
 - diagnosis_unit
 - radio
--- C:\Users\Rob\Documents\Projects\Baystation12\icons\effects\genetics.dmi
+++ C:\Users\Rob\Documents\Projects\vgstation13\icons\effects\genetics.dmi
 - cold_l
 - cold_s
 - coldfire_l
 - coldfire_s
--- C:\Users\Rob\Documents\Projects\Baystation12\icons\effects\tile_effects.dmi
+++ C:\Users\Rob\Documents\Projects\vgstation13\icons\effects\tile_effects.dmi
 - plasma-orange
 + plasma-purple
--- C:\Users\Rob\Documents\Projects\Baystation12\icons\effects\warning_stripes.dmi
+++ C:\Users\Rob\Documents\Projects\vgstation13\icons\effects\warning_stripes.dmi
 + 
 + E
 + E-corner
 + N
 + N-corner
 + NE-in
 + NE-out
 + NW-in
 + NW-out
 + S
 + S-corner
 + SE-in
 + SE-out
 + SW-in
 + SW-out
 + U-E
 + U-N
 + U-S
 + U-W
 + W
 + W-corner
--- C:\Users\Rob\Documents\Projects\Baystation12\icons\mecha\mecha_equipment.dmi
+++ C:\Users\Rob\Documents\Projects\vgstation13\icons\mecha\mecha_equipment.dmi
 - mecha_phase_array
--- C:\Users\Rob\Documents\Projects\Baystation12\icons\mecha\mech_construct.dmi
+++ C:\Users\Rob\Documents\Projects\vgstation13\icons\mecha\mech_construct.dmi
 - phazon_phase_array
--- C:\Users\Rob\Documents\Projects\Baystation12\icons\mecha\mech_construction.dmi
+++ C:\Users\Rob\Documents\Projects\vgstation13\icons\mecha\mech_construction.dmi
 - phazon_0
 - phazon_1
 - phazon_10
 - phazon_11
 - phazon_12
 - phazon_13
 - phazon_14
 - phazon_15
 - phazon_16
 - phazon_2
 - phazon_3
 - phazon_4
 - phazon_5
 - phazon_6
 - phazon_7
 - phazon_8
 - phazon_9
--- C:\Users\Rob\Documents\Projects\Baystation12\icons\misc\beach.dmi
+++ C:\Users\Rob\Documents\Projects\vgstation13\icons\misc\beach.dmi
 + beach
 + beachcorner
 + desert
 + desert0
 + desert1
 + desert2
 + desert3
 + desert4
 + desert5
 + desert6
 + desert7
 + desert_dug
 + dgrass0
 + dgrass1
 + dgrass2
 + dgrass3
 + dgrass4
 + fullgrass0
 + fullgrass1
 + fullgrass2
 + fullgrass3
 + fullgrass4
 + seadeep
 + seashallow
--- C:\Users\Rob\Documents\Projects\Baystation12\icons\misc\fullscreen.dmi
+++ C:\Users\Rob\Documents\Projects\vgstation13\icons\misc\fullscreen.dmi
 - title: title: 8 frames, 1 directions
 + title: title: 5 frames, 1 directions
--- C:\Users\Rob\Documents\Projects\Baystation12\icons\misc\fullscreen_halloween.dmi
+++ C:\Users\Rob\Documents\Projects\vgstation13\icons\misc\fullscreen_halloween.dmi
 + title
--- C:\Users\Rob\Documents\Projects\Baystation12\icons\misc\fullscreen_original.dmi
+++ C:\Users\Rob\Documents\Projects\vgstation13\icons\misc\fullscreen_original.dmi
 + title
--- C:\Users\Rob\Documents\Projects\Baystation12\icons\mob\AI.dmi
+++ C:\Users\Rob\Documents\Projects\vgstation13\icons\mob\AI.dmi
 - ai-banned
 - ai-ravensdale
 - ai-ravensdale-crash
 + ai-red
 - ai-searif
 - ai-serithi
 - ai-serithi-crash
--- C:\Users\Rob\Documents\Projects\Baystation12\icons\mob\animal.dmi
+++ C:\Users\Rob\Documents\Projects\vgstation13\icons\mob\animal.dmi
 - scarybat
 - scarybat-dance
 - scarybat-dead
--- C:\Users\Rob\Documents\Projects\Baystation12\icons\mob\back.dmi
+++ C:\Users\Rob\Documents\Projects\vgstation13\icons\mob\back.dmi
 - anesthetic2
 - backpack2
 - bandolier2
 - brokenpack2
 - cape2
 - captainpack2
 - clownpack2
 - cshotgun2
 - cultpack2
 - dshotgun2
 - electropack02
 - electropack12
 - engiepack2
 - fireaxe02
 - hfrequency0
 - hfrequency2
 - holdingpack2
 - ionrifle2
 - jetpack-black-on2
 - jetpack-black2
 - jetpack-on2
 - jetpack-red
 - jetpack-red-on
 - jetpack-red-on2
 - jetpack-red2
 - jetpack-void-on2
 - jetpack-void2
 - jetpack2
 - katana2
 - medicalpack2
 - medicalsatchel2
 - oxygen2
 - oxygen_f2
 - oxygen_fr2
 - riot2
 - satchel-cap2
 - satchel-chem2
 - satchel-eng2
 - satchel-gen: satchel-gen: 1 frames, 1 directions
 + satchel-gen: satchel-gen: 1 frames, 4 directions
 - satchel-med2
 - satchel-norm2
 - satchel-sec2
 - satchel-tox2
 - satchel-vir2
 - satchel2
 - satchel_hyd2
 - securitypack2
 - shotgun2
 - staffofchange2
 - welderpack2
 - witch2
--- C:\Users\Rob\Documents\Projects\Baystation12\icons\mob\belt.dmi
+++ C:\Users\Rob\Documents\Projects\vgstation13\icons\mob\belt.dmi
 - baton2
 - champion2
 - classic_baton2
 - dpickaxe2
 - electronic2
 - electronic_12
 - electronic_22
 - electronic_32
 - electronic_42
 - electronic_52
 - emergency2
 - emergency_double2
 - emergency_engi2
 - gpickaxe2
 - gun2
 - gun_12
 - gun_22
 - gun_32
 - handcuff2
 - handcuff_12
 - handcuff_22
 - handcuff_32
 - handcuff_42
 - handcuff_52
 - healthanalyzer2
 - healthanalyzer_12
 - healthanalyzer_22
 - healthanalyzer_32
 - healthanalyzer_42
 - healthanalyzer_52
 - holobadge2
 + inflatable
 - injector: injector: 1 frames, 1 directions
 + injector: injector: 1 frames, 4 directions
 - jackhammer2
 - katana2
 - medical2
 - pen2
 - pen_12
 - pen_22
 - pen_32
 - pen_42
 - pen_52
 - pickaxe2
 - security2
 - soulstonebelt: soulstonebelt: 1 frames, 1 directions
 + soulstonebelt: soulstonebelt: 1 frames, 4 directions
 - spickaxe2
 - suspenders2
 - template2
 - utility2
--- C:\Users\Rob\Documents\Projects\Baystation12\icons\mob\blob.dmi
+++ C:\Users\Rob\Documents\Projects\vgstation13\icons\mob\blob.dmi
 - blob_resource
 - blobpod
 - marker
--- C:\Users\Rob\Documents\Projects\Baystation12\icons\mob\custom-synthetic.dmi
+++ C:\Users\Rob\Documents\Projects\vgstation13\icons\mob\custom-synthetic.dmi
 + eyes-ravensdale-Combat
 + eyes-ravensdale-Engineering
 + eyes-ravensdale-Janitor
 + eyes-ravensdale-Medical
 + eyes-ravensdale-Miner
 + eyes-ravensdale-Security
 + eyes-ravensdale-Service
 + eyes-ravensdale-Standard
 + ravensdale-Combat
 + ravensdale-Engineering
 + ravensdale-Janitor
 + ravensdale-Medical
 + ravensdale-Miner
 + ravensdale-Security
 + ravensdale-Service
 + ravensdale-Standard
 + ravensdale-ai
 + ravensdale-ai-crash
 + ravensdale-openpanel +c
 + ravensdale-openpanel +w
 + ravensdale-openpanel -c
 + robot
 + rowtree-Combat
 + rowtree-Combat-roll
 + rowtree-Combat-shield
 + rowtree-Engineering
 + rowtree-Janitor
 + rowtree-Medical
 + rowtree-Miner
 + rowtree-Security
 + rowtree-Service
 + rowtree-Standard
 + rowtree-openpanel +c
 + rowtree-openpanel +w
 + rowtree-openpanel -c
 + serithi-ai
 + serithi-ai-crash
 + sydrec-Combat
 + sydrec-Combat-roll
 + sydrec-Combat-shield
 + sydrec-Engineering
 + sydrec-Janitor
 + sydrec-Medical
 + sydrec-Miner
 + sydrec-Miner+j
 + sydrec-Security
 + sydrec-Service
 + sydrec-Standard
 + sydrec-openpanel +c
 + sydrec-openpanel +w
 + sydrec-openpanel -c
--- C:\Users\Rob\Documents\Projects\Baystation12\icons\mob\dam_human.dmi
+++ C:\Users\Rob\Documents\Projects\vgstation13\icons\mob\dam_human.dmi
 - 00-2
 - 01-2
 - 02-2
 - 03-2
 - 10-2
 - 11-2
 - 12-2
 - 13-2
 - 20-2
 - 21-2
 - 22-2
 - 23-2
 - 30-2
 - 31-2
 - 32-2
 - 33-2
 - human-2
--- C:\Users\Rob\Documents\Projects\Baystation12\icons\mob\dam_mask.dmi
+++ C:\Users\Rob\Documents\Projects\vgstation13\icons\mob\dam_mask.dmi
 - chest2
 - diaper2
 - female-d
 - head2
 - l_arm2
 - l_foot2
 - l_hand2
 - l_leg2
 - male-d
 - mouth2
 - r_arm2
 - r_foot2
 - r_hand2
 - r_leg2
--- C:\Users\Rob\Documents\Projects\Baystation12\icons\mob\ears.dmi
+++ C:\Users\Rob\Documents\Projects\vgstation13\icons\mob\ears.dmi
 - earmuffs2
 - earset2
 - headset2
--- C:\Users\Rob\Documents\Projects\Baystation12\icons\mob\eyes.dmi
+++ C:\Users\Rob\Documents\Projects\vgstation13\icons\mob\eyes.dmi
 - arjun_chopra2
 - bigsunglasses2
 - blindfold2
 - book_berner_12
 - gglasses2
 - gglasses_thin2
 - glasses2
 - glasses_thin2
 - healthhud2
 - hipster_glasses2
 - ian_colm_1
 - ian_colm_12
 - ian_colm_1up
 - ian_colm_1up2
 - jensenshades2
 - laforge2
 - material2
 - meson2
 - monocle2
 - monocle2_old
 - night2
 - purple2
 + rwelding-g
 + rwelding-gup
 - securityhud2
 - sun2
 - sun_thin2
 - sunhud2
 - thermal2
 - thermalimplants2
 - thermoncle2
 - uzenwa_sissra_12
 - welding-g2
 - welding-gup2
--- C:\Users\Rob\Documents\Projects\Baystation12\icons\mob\feet.dmi
+++ C:\Users\Rob\Documents\Projects\vgstation13\icons\mob\feet.dmi
 - atmosmagboots02
 - atmosmagboots12
 - black2
 - blue2
 - boots-vox2
 - boots2
 - brown2
 - chef2
 - clown2
 - cowboy2
 - cult2
 - detective2
 + flippers1
 - galoshes2
 - green2
 - jackboots2
 - laceups2
 - leather2
 - magboots-old0
 - magboots-old02
 - magboots-old1
 - magboots-old12
 - magboots02
 - magboots12
 - mime2
 - orange12
 - orange2
 - purple2
 - rain_bow2
 - red2
 - s-ninja2
 - secshoes2
 - slippers2
 - slippers_worn2
 - swat2
 - tourist2
 - white2
 - wizard2
 - yellow2
--- C:\Users\Rob\Documents\Projects\Baystation12\icons\mob\gimmick_head.dmi
+++ C:\Users\Rob\Documents\Projects\vgstation13\icons\mob\gimmick_head.dmi
 - santahat2
--- C:\Users\Rob\Documents\Projects\Baystation12\icons\mob\hands.dmi
+++ C:\Users\Rob\Documents\Projects\vgstation13\icons\mob\hands.dmi
 - bgloves2
 - bluegloves2
 - boxing2
 - boxingblue2
 - boxinggreen2
 - boxingyellow2
 - browngloves2
 - egloves2
 - ggloves2
 - gloves-vox2
 - graygloves2
 - greengloves2
 - lgloves2
 - lightbrowngloves2
 - orangegloves2
 - purplegloves2
 - r_hands2
 - rainbowgloves2
 - redgloves2
 - s-ninja2
 - s-ninjak2
 - s-ninjan2
 - swat_gl2
 - ygloves2
--- C:\Users\Rob\Documents\Projects\Baystation12\icons\mob\head.dmi
+++ C:\Users\Rob\Documents\Projects\vgstation13\icons\mob\head.dmi
 - alice_mccrea_12
 - alice_mccrea_1up2
 - amp2
 - bandana2
 - bearpelt2
 - beret2
 - beret_badge2
 - bio2
 - bio_cmo2
 - bio_general2
 - bio_janitor2
 - bio_scientist2
 - bio_security2
 - bio_virology2
 - bluesoft2
 - bluesoft_flipped2
 - bombsuit2
 - bombsuit2_white
 - bombsuitOld2
 - bombsuitsec2
 - bowler2
 + brucehachert
 - bunny2
 - cake02
 - cake12
 - capcap2
 - capspace2
 - captain2
 - cardborg_h2
 - cargosoft2
 - cargosoft_flipped2
 - centcom2
 - centcomcaptain2
 - centcomofficerberet2
 - cespace_helmet2
 - chaplain_hood2
 - chef2
 - chickenhead2
 + corpsoft
 + corpsoft_flipped
 - cowboy2
 - cueball2
 - cult_helmet2
 - cult_hoodalt2
 - culthood2
 - deathsquad2
 - dermal2
 - detective2
 + e_beret_badge
 - edvin_telephosphor_12
 - engspace_helmet2
 - enos_adlai_12
 - ert_commander
 - ert_commander2
 - ert_engineer
 - ert_engineer2
 - ert_medical
 - ert_medical2
 - ert_security
 - ert_security2
 - flat_cap2
 - gladiator2
 - greenbandana2
 - greensoft2
 - greensoft_flipped2
 - greysoft2
 - greysoft_flipped2
 - hairflower2
 - hardhat0_dblue2
 - hardhat0_orange2
 - hardhat0_pumpkin2
 - hardhat0_red2
 - hardhat0_white2
 - hardhat0_yellow2
 - hardhat1_dblue2
 - hardhat1_orange2
 - hardhat1_pumpkin2
 - hardhat1_red2
 - hardhat1_white2
 - hardhat1_yellow2
 - hasturhood2
 - headslime2
 - helmet2
 - hgpiratecap2
 - hosberet2
 - hoscap2
 - kitty2
 - kittyinner2
 - krinn_hat2
 - magus2
 - mailman2
 - marisa2
 - metroid2
 - mimesoft2
 - mimesoft_flipped2
 - neilpatterson0_hat2
 - neilpatterson1_hat2
 - norah_briggs_12
 - norah_briggs_1up2
 - nun_hood2
 - nursehat2
 - officerberet2
 - orangesoft2
 - orangesoft_flipped2
 - paper2
 - paramedic-eva-helmet
 - paramedic-eva-helmet2
 - paramedicsoft
 - paramedicsoft2
 - paramedicsoft_flipped
 - paramedicsoft_flipped2
 - petehat2
 - pirate2
 - plaguedoctor2
 - policehelm2
 - purplesoft2
 - purplesoft_flipped
 - purplesoft_flipped2
 - pwig2
 - rad2
 - rainbowsoft
 - rainbowsoft2
 - rainbowsoft_flipped2
 - redcoat2
 - redsoft2
 - redsoft_flipped2
 - redwizard2
 - rig-old2
 - rig0-atmos2
 - rig0-engineering2
 + rig0-ert_commander
 + rig0-ert_engineer
 + rig0-ert_medical
 + rig0-ert_security
 - rig0-medical2
 - rig0-mining2
 - rig0-sec2
 - rig0-sec2TG
 - rig0-sec2old
 - rig0-secold
 - rig0-syndi2
 + rig0-taj-helmet
 - rig0-white2
 - rig0-wiz2
 - rig1-atmos2
 - rig1-engineering2
 + rig1-ert_commander
 + rig1-ert_engineer
 + rig1-ert_medical
 + rig1-ert_security
 - rig1-medical2
 - rig1-mining2
 - rig1-sec2
 - rig1-sec2TG
 - rig1-sec2old
 - rig1-secold
 - rig1-syndi2
 + rig1-taj-helmet
 - rig1-white2
 - rig1-wiz2
 - riot2
 - s-ninja2
 - santahat2
 - secsoft2
 - secsoft_flipped2
 - security2
 + skrell_helmet_black
 + skrell_helmet_white
 - sombrero2
 - space2
 - surgcap_blue2
 - surgcap_green2
 - surgcap_purple2
 - swat-alt2
 - swat2
 - syndicate-helm-black-blue2
 - syndicate-helm-black-engie12
 - syndicate-helm-black-engie2
 - syndicate-helm-black-green2
 - syndicate-helm-black-med2
 - syndicate-helm-black-orange2
 - syndicate-helm-black-red2
 - syndicate-helm-black2
 - syndicate-helm-blue2
 - syndicate-helm-green-dark2
 - syndicate-helm-green2
 - syndicate-helm-orange2
 - syndicate-helm-orange_light12
 - syndicate-helm-orange_light2
 - syndicate2
 - taryn_kifer_12
 - thunderdome2
 - tophat2
 + unathi_breacher
 - unathi_helm_cheap2
 - ushankadown2
 - ushankaup2
 - viking2
 - violetwizard2
 - void2
 - vox-carapace2
 + vox-medic
 - vox-pressure-engineer
 - vox-pressure-engineer2
 - vox-pressure-medical
 - vox-pressure-medical2
 - vox-pressure-normal
 - vox-pressure-normal2
 - vox-pressure-science
 - vox-pressure-science2
 - vox-pressure-security
 - vox-pressure-security2
 - vox-pressure-specops
 - vox-pressure-specops2
 - vox-pressure2
 + vox-stealth
 - wardenberet2
 - welding2
 - weldingup2
 - witch2
 - wizard-fake2
 - wizard2
 - xenom2
 - xenos2
 - xmashat2
 - yellowsoft2
 - yellowsoft_flipped2
 - yuki_matsuda_12
 - yuki_matsuda_1up2
--- C:\Users\Rob\Documents\Projects\Baystation12\icons\mob\hud.dmi
+++ C:\Users\Rob\Documents\Projects\vgstation13\icons\mob\hud.dmi
 - vampire
 - vampthrall
--- C:\Users\Rob\Documents\Projects\Baystation12\icons\mob\human.dmi
+++ C:\Users\Rob\Documents\Projects\vgstation13\icons\mob\human.dmi
 - body_f_l
 - body_m_l
 - chest_f_l
 - chest_f_s
 - chest_m_l
 - chest_m_s
 - fatbody_l
 - groin_f_l
 - groin_f_s
 - groin_m_l
 - groin_m_s
 - head_f_l
 - head_f_s
 - head_m_l
 - head_m_s
 - husk_l
 - l_arm_l
 - l_arm_s
 - l_foot_l
 - l_foot_s
 - l_hand_l
 - l_hand_s
 - l_leg_l
 - l_leg_s
 - r_arm_l
 - r_arm_s
 - r_foot_l
 - r_foot_s
 - r_hand_l
 - r_hand_s
 - r_leg_l
 - r_leg_s
 - torso_f_l
 - torso_f_s
 - torso_m_l
 - torso_m_s
 - underwear1_f_l
 - underwear1_m_l
 - underwear2_f_l
 - underwear2_m_l
 - underwear3_f_l
 - underwear3_m_l
 - underwear4_f_l
 - underwear4_m_l
 - underwear5_f_l
 - underwear5_m_l
 - underwear6_f_l
 - underwear6_m_l
--- C:\Users\Rob\Documents\Projects\Baystation12\icons\mob\human_face.dmi
+++ C:\Users\Rob\Documents\Projects\vgstation13\icons\mob\human_face.dmi
 - bald_l
 - ears_plain_l
 - eyes_l
 - facial_abe_l
 - facial_chaplin_l
 - facial_chin_l
 - facial_dwarf_l
 - facial_elvis_l
 - facial_fullbeard_l
 - facial_goatee_l
 - facial_gt_l
 - facial_hip_l
 - facial_hogan_l
 - facial_jensen_l
 - facial_longbeard_l
 - facial_moustache_l
 - facial_mutton_l
 - facial_neckbeard_l
 - facial_pencilstache_l
 - facial_robotnik_l
 - facial_robotnik_s
 - facial_selleck_l
 - facial_sideburns_l
 - facial_smallstache_l
 - facial_vandyke_l
 - facial_watson_l
 - facial_wise_l
 - grey_eyes_l
 - grey_eyes_s
 - hair_a_l
 - hair_afro2_l
 - hair_afro_l
 - hair_b_l
 - hair_bedhead_l
 - hair_bedheadv2_l
 - hair_bedheadv3_l
 - hair_beehive_l
 - hair_bigafro_l
 - hair_bobcurl_l
 - hair_bobcut_l
 - hair_bowlcut_l
 - hair_braid_l
 - hair_buzzcut_l
 - hair_c_l
 - hair_clean_l
 - hair_combover_l
 - hair_crewcut_l
 - hair_curls_l
 - hair_d_l
 - hair_devilock_l
 - hair_dreads_l
 - hair_e_l
 - hair_emo_l
 - hair_f_l
 - hair_feather_l
 - hair_gelled_l
 - hair_halfbang_alt_l
 - hair_halfbang_l
 - hair_himecut_l
 - hair_hitop_l
 - hair_jensen_l
 - hair_kagami_l
 - hair_kusanagi_l
 - hair_long_l
 - hair_longest_l
 - hair_longfringe_l
 - hair_messy_l
 - hair_mohawk_l
 - hair_odango_l
 - hair_ombre_l
 - hair_pa_l
 - hair_parted_l
 - hair_plait_l
 - hair_pompadour_l
 - hair_ponytail3_l
 - hair_ponytail_l
 - hair_quiff_l
 - hair_rattail_l
 - hair_sargeant_l
 - hair_shaggy_l
 - hair_skinhead_l
 - hair_spikey_l
 - hair_straight_l
 - hair_tajspiky_l
 - hair_updo_l
 - hair_vlong_l
 - hair_vlongfringe_l
 - lips_black_l
 - lips_jade_l
 - lips_purple_l
 - lips_red_l
 - skrell_clothhair_f_l
 - skrell_clothhair_m_l
 - skrell_goldhair_f_l
 - skrell_goldhair_m_l
 - skrell_hair_f_l
 - skrell_hair_m_l
 - soghun_longfrills_l
 - soghun_longspines_l
 - soghun_shortspines_l
--- C:\Users\Rob\Documents\Projects\Baystation12\icons\mob\items_lefthand.dmi
+++ C:\Users\Rob\Documents\Projects\vgstation13\icons\mob\items_lefthand.dmi
 + eleanorstone
 + fork
 - hfrequency0
 - hfrequency1
 + konaahirano
 - prod
 - telebaton0
 - telebaton1
 - vox-helmet-engineer
 - vox-helmet-medical
 - vox-helmet-normal
 - vox-helmet-science
 - vox-helmet-security
 - vox-helmet-specops
 - vox-pressure-engineer
 - vox-pressure-medical
 - vox-pressure-normal
 - vox-pressure-science
 - vox-pressure-security
 - vox-pressure-specops
--- C:\Users\Rob\Documents\Projects\Baystation12\icons\mob\items_righthand.dmi
+++ C:\Users\Rob\Documents\Projects\vgstation13\icons\mob\items_righthand.dmi
 + eleanorstone
 - hfrequency0
 - hfrequency1
 + konaahirano
 - prod
 - telebaton0
 - telebaton1
 - vox-helmet-engineer
 - vox-helmet-medical
 - vox-helmet-normal
 - vox-helmet-science
 - vox-helmet-security
 - vox-helmet-specops
 - vox-pressure-engineer
 - vox-pressure-medical
 - vox-pressure-normal
 - vox-pressure-science
 - vox-pressure-specops
--- C:\Users\Rob\Documents\Projects\Baystation12\icons\mob\mask.dmi
+++ C:\Users\Rob\Documents\Projects\vgstation13\icons\mob\mask.dmi
 - balaclava2
 - breath2
 - breathdown2
 - cigar2on
 - cigaroff2
 - cigaron2
 - cigoff2
 - cigon2
 - clown2
 - cobpipeoff2
 - cobpipeon2
 - death2
 - facehugger2
 - facehugger2_inactive
 - facehugger_dead2
 - fake-moustache2
 - gas_alt2
 - gas_mask2
 - holomask-cord2
 - horsehead2
 + konaahirano
 - luchador2
 - luchag2
 - luchar2
 - medical2
 - mime2
 - monkeymask2
 - muzzle2
 - owl2
 - pig2
 - pipeoff2
 - pipeon2
 - plaguedoctor2
 - s-ninja2
 - sexyclown2
 - sexymime2
 + snorkel
 - sterile2
 - swat2
 - tooth-necklace2
 - ty_necklace2
 - voxmask2
--- C:\Users\Rob\Documents\Projects\Baystation12\icons\mob\mob.dmi
+++ C:\Users\Rob\Documents\Projects\vgstation13\icons\mob\mob.dmi
 - greytide
 - greytide_head
 - vampire
 - vampire2
 - vampthrall
--- C:\Users\Rob\Documents\Projects\Baystation12\icons\mob\monkey.dmi
+++ C:\Users\Rob\Documents\Projects\vgstation13\icons\mob\monkey.dmi
 - balaclava2
 - cigaroff2
 - cigaron2
 - cigoff2
 - cigon2
 - clown2
 - cobpipeoff
 - cobpipeoff2
 - cobpipeon2
 - death2
 - facehugger2
 - facehugger2_dead
 - fake-moustache2
 - gas_alt2
 - horsehead2
 - luchador2
 - luchag2
 - luchar2
 - medical2
 - mime2
 - monkey0
 - mrsmuggles0
 - muggles0
 + nymph1
 - owl2
 - plaguedoctor2
 - punpun0
 - rathen0
 - s-ninja2
 - sexyclown2
 - sexymime2
 - skrellkey0
 - stokkey0
 - swat2
 - tajkey0
--- C:\Users\Rob\Documents\Projects\Baystation12\icons\mob\robots.dmi
+++ C:\Users\Rob\Documents\Projects\vgstation13\icons\mob\robots.dmi
 - Engiseer
 - Engiseer-old
 - eyes-Brobot
 - eyes-Engiseer
 - eyes-Hydrobot
 - eyes-Miner_old
 - eyes-Security
 - eyes-engineerrobot
 - eyes-janitorrobot
 - eyes-keeper
 - eyes-keeper-emagged
 - eyes-marina
 - eyes-medicalrobot
 - eyes-mommi
 - eyes-mommi-emagged
 - eyes-mommi-emaggedold
 - eyes-mommiold
 - eyes-securityrobot
 - keeper
 - keeper-park
 - marina
 - marina-heavyshading
 - marina-noshading
 - mommi
 - mommi-park
 - mommiold
--- C:\Users\Rob\Documents\Projects\Baystation12\icons\mob\screen1_Midnight.dmi
+++ C:\Users\Rob\Documents\Projects\vgstation13\icons\mob\screen1_Midnight.dmi
 + template
--- C:\Users\Rob\Documents\Projects\Baystation12\icons\mob\screen1_old.dmi
+++ C:\Users\Rob\Documents\Projects\vgstation13\icons\mob\screen1_old.dmi
 + template
--- C:\Users\Rob\Documents\Projects\Baystation12\icons\mob\screen1_Orange.dmi
+++ C:\Users\Rob\Documents\Projects\vgstation13\icons\mob\screen1_Orange.dmi
 + template
--- C:\Users\Rob\Documents\Projects\Baystation12\icons\mob\screen1_robot.dmi
+++ C:\Users\Rob\Documents\Projects\vgstation13\icons\mob\screen1_robot.dmi
 - sight
 - sight+a
--- C:\Users\Rob\Documents\Projects\Baystation12\icons\mob\slimes.dmi
+++ C:\Users\Rob\Documents\Projects\vgstation13\icons\mob\slimes.dmi
 - bluespace adult slime
 - bluespace adult slime eat
 - bluespace baby slime
 - bluespace baby slime dead
 - bluespace baby slime dead-nocore
 - bluespace baby slime eat
 - bluespace slime extract
 - cerulean adult slime
 - cerulean adult slime eat
 - cerulean baby slime
 - cerulean baby slime dead
 - cerulean baby slime dead-nocore
 - cerulean baby slime eat
 - cerulean slime extract
 - platinum slime extract
 - pyrite adult slime
 - pyrite adult slime eat
 - pyrite baby slime
 - pyrite baby slime dead
 - pyrite baby slime dead-nocore
 - pyrite baby slime eat
 - pyrite slime extract
 - sepia adult slime
 - sepia adult slime eat
 - sepia baby slime
 - sepia baby slime dead
 - sepia baby slime dead-nocore
 - sepia baby slime eat
 - sepia slime extract
--- C:\Users\Rob\Documents\Projects\Baystation12\icons\mob\suit.dmi
+++ C:\Users\Rob\Documents\Projects\vgstation13\icons\mob\suit.dmi
 + aeneasrinil
 + aeneasrinil_open
 - apron2
 - apronchef2
 - armor2
 - armor_reflec2
 - armorsec2
 - bedsheet2
 - bio2
 - bio_cmo2
 - bio_general2
 - bio_janitor2
 - bio_scientist2
 - bio_security2
 - bio_virology2
 - bluetag2
 - bombsuit2
 - bombsuit2_white
 - bombsuitOld2
 - bombsuitsec2
 - bombvest2
 - bulletproof2
 - caparmor2
 - capjacket2
 - captunic2
 - cardborg2
 - centcom2
 - cespace_suit2
 - chaplain_hoodie2
 - chef2
 - chickensuit2
 - cult_armour2
 - cultrobes2
 - cultrobesalt2
 - deathsquad2
 - detective-armor2
 - detective2
 - deus_blueshield2
 - engspace_suit2
 - ert_commander2
 - ert_engineer2
 - ert_medical2
 - ert_security2
 - fire2
 - firesuit2
 - forensics_blue2
 - forensics_red2
 - fr_jacket2
 - fr_jacket_open2
 - golem2
 - hastur2
 - hazard2
 - heavy2
 - hgpirate2
 - holidaypriest2
 - hos2
 - hosbluejacket2
 - hosdnavyjacket2
 - hostanjacket2
 - ia_jacket2
 - ia_jacket_open2
 - ianshirt2
 - imperium_monk2
 - jensencoat2
 - judge2
 - justice2
 - labcoat2
 - labcoat_burntZ
 - labcoat_burnt_openZ
 - labcoat_chem2
 - labcoat_chem_open2
 - labcoat_cmo2
 - labcoat_cmo_open2
 - labcoat_gen2
 - labcoat_gen_open2
 - labcoat_open2
 - labcoat_tox2
 - labcoat_tox_open2
 - labcoat_vir2
 - labcoat_vir_open2
 - labgreen2
 - labgreen_open2
 - magusblue2
 - magusred2
 - mantle-unathi2
 - marisa2
 - monkeysuit2
 - nun2
 - officerbluejacket2
 - officerdnavyjacket2
 - officertanjacket2
 - oldcaparmor2
 - overalls2
 - paramedic-eva
 - paramedic-eva2
 - paramedic-vest
 - paramedic-vest-old
 - paramedic-vest2
 - paramedic-vest2-old
 - pirate2
 - plaguedoctor2
 - poncho2
 - psyamp2
 - rad2
 - rad_old2
 - reactive2
 - reactiveoff2
 - redtag2
 - redwizard2
 - rig-atmos2
 - rig-engineering2
 - rig-medical2
 - rig-mining2
 - rig-old2
 - rig-sec2
 - rig-sec2TG
 - rig-soghun2
 - rig-syndi2
 + rig-taj
 + rig-taj2
 - rig-unathi-cheap2
 - rig-white2
 - rig-wiz2
 - riot2
 - robe-unathi2
 - s-ninja2
 - s-ninja2-old
 - s-ninjak2
 - s-ninjakf2
 - s-ninjan2
 - s-ninjanf2
 - s-ninjas2
 - s-ninjasf2
 - santa2
 + skrell_suit_black
 + skrell_suit_black2
 + skrell_suit_white
 + skrell_suit_white2
 - space2
 - straight_jacket2
 - stripper_g_over2
 - stripper_p_over2
 - suitjacket_blue2
 - suitjacket_blue_open2
 - suitjacket_purp2
 - surgeon2
 - suspenders2
 - swat2
 - syndicate-black-blue2
 - syndicate-black-engie2
 - syndicate-black-green2
 - syndicate-black-med2
 - syndicate-black-orange2
 - syndicate-black-red2
 - syndicate-black2
 - syndicate-blue2
 - syndicate-green-dark2
 - syndicate-green2
 - syndicate-orange2
 - syndicate2
 - tdgreen2
 - tdred2
 - thermal2
 + unathi_breacher
 + unathi_breacher2
 - vest2
 - violetwizard2
 - void2
 - vox-carapace2
 + vox-medic
 - vox-pressure-engineer
 - vox-pressure-engineer2
 - vox-pressure-medical
 - vox-pressure-medical2
 - vox-pressure-normal
 - vox-pressure-normal2
 - vox-pressure-science
 - vox-pressure-science2
 - vox-pressure-security
 - vox-pressure-security2
 - vox-pressure-specops
 - vox-pressure2
 + vox-stealth
 - wardenbluejacket2
 - wardendnavyjacket2
 - wardentanjacket2
 - webbing2
 - wizard-fake2
 - wizard2
 - xenos2
--- C:\Users\Rob\Documents\Projects\Baystation12\icons\mob\ties.dmi
+++ C:\Users\Rob\Documents\Projects\vgstation13\icons\mob\ties.dmi
 - altair_locket2
 - bluetie2
 - bronze2
 - gold2
 - holobadge-cord2
 - holobadge2
 - holster2
 - holster_low2
 - horribletie2
 - hydro2
 - konaahirano2
 - med2
 - medgreen
 - medgreen2
 - red2
 - redtie2
 - silver2
 - stethoscope2
 - unathiharness02
 - unathiharness12
 - unathiharness22
 - vest_black2
 - vest_brown2
 - webbing2
--- C:\Users\Rob\Documents\Projects\Baystation12\icons\mob\uniform.dmi
+++ C:\Users\Rob\Documents\Projects\vgstation13\icons\mob\uniform.dmi
 + ana_uniform_s
 - aqua_l
 - atmos_l
 - ba_suit_l
 - black_l
 - black_suit_fem_l
 - black_suit_l
 - blackf_l
 - blackshorts_l
 - blackskirt_l
 - blue_l
 - blue_pyjamas_l
 - blueshorts_l
 - bluesuit_l
 - bride_blue_l
 - bride_orange_l
 - bride_purple_l
 - bride_red_l
 - bride_white_l
 - bridesmaid_l
 - brown_l
 - callum_suit_l
 - captain_fly_l
 - captain_l
 - cargo_l
 - cargotech_l
 - cdc_jumpsuit_l
 - centcom_l
 - chapblack_l
 - chef_l
 - chemist_new_l
 - chemistrywhite_l
 - chief_l
 - clown_l
 - cmo_l
 - darkblue_l
 - darkred_l
 - detective_l
 - director_l
 - dispatch_l
 - dress_cap_l
 - dress_fire_l
 - dress_green_l
 - dress_hop_l
 - dress_orange_l
 - dress_pink_l
 - dress_rd_l
 - dress_saloon_l
 - engine_l
 - forensicsred_l
 - geneticist_new_l
 - geneticswhite_l
 - gladiator_l
 - golem_l
 - green_l
 - green_suit_l
 - greenshorts_l
 - grey_l
 - greyshorts_l
 - hop_l
 + hopwhimsy_s
 + hos_corporate_s
 - hosblueclothes_l
 - hosdnavyclothes_l
 - hosred_l
 - hosred_old_l
 - hostanclothes_l
 - huresource_l
 - hydroponics_l
 - internalaffairs_l
 - jane_sid_suit_down_l
 - jane_sid_suit_l
 - janitor_l
 - jensen_l
 - jeremy_wolf_1_l
 - johnny_l
 - jumpsuitdown_l
 - kilt_l
 - lawyer_black_l
 - lawyer_blue_l
 - lawyer_purp_l
 - lawyer_red_l
 - lightblue_l
 - lightbrown_l
 - lightgreen_l
 - lightpurple_l
 - lightred_l
 + lilith_uniform_s
 - mailman_l
 - mankini_l
 - maroon_l
 - medical_l
 + medical_short_s
 + milohachert_s
 - mime_l
 - miner_l
 - nurse_l
 - nursesuit_l
 - officer_l
 - officerblueclothes_l
 - officerdnavyclothes_l
 - officertanclothes_l
 - olddressuniform_l
 - oldman_l
 - orange_l
 - orderly_l
 - overalls_l
 - owl_l
 - paramedic_l
 - paramedic_l_old
 - paramedic_s
 - paramedic_s_old
 - pink_l
 - pirate_l
 - plaid_blue_l
 - plaid_purple_l
 - plaid_red_l
 + polsuit_rolled_s
 + polsuit_s
 - psyche_l
 - psysuit_l
 - purple_cheer_l
 - purple_l
 - qm_l
 - rainbow_l
 - really_black_suit_l
 - red_l
 - red_pyjamas_l
 - red_suit_l
 - redcoat_l
 - redshirt2_l
 - redshorts_l
 - retpoluniform_l
 - robotics2_l
 - robotics_l
 - schoolgirl_l
 - scientist_new_l
 - scratch_l
 - scrubsblue_l
 - scrubsgreen_l
 - scrubspurple_l
 + sec_corporate_s
 - secred_l
 - sexyclown_l
 - sexymime_l
 - sl_suit_l
 + solara_dress_s
 - soviet_l
 - stripper_g_l
 - stripper_p_l
 - sundress_l
 - swim_black_l
 - swim_blue_l
 - swim_green_l
 - swim_purp_l
 - swim_red_l
 - syndicate_l
 - tactifool_l
 - teal_suit_l
 - tian_dress_l
 - tourist_l
 - toxinswhite_l
 - vice_l
 - virologist_new_l
 - virologywhite_l
 - vox-casual-1_l
 - vox-casual-2_l
 - waiter_l
 + warden_corporate_s
 - warden_l
 - wardenblueclothes_l
 - wardendnavy_l
 - wardentanclothes_l
 - white_cheer_l
 - white_l
 - white_suit_l
 - wyatt_uniform_l
 - yellow_cheer_l
 - yellow_l
 - yellowgreen_l
--- C:\Users\Rob\Documents\Projects\Baystation12\icons\mob\human_races\robotic.dmi
+++ C:\Users\Rob\Documents\Projects\vgstation13\icons\mob\human_races\robotic.dmi
 + groin_f
 + groin_m
 + head_f
 + head_m
 + l_arm
 + l_foot
 + l_hand
 + l_leg
 + r_arm
 + r_foot
 + r_hand
 + r_leg
 + torso_f
 + torso_m
--- C:\Users\Rob\Documents\Projects\Baystation12\icons\obj\ammo.dmi
+++ C:\Users\Rob\Documents\Projects\vgstation13\icons\obj\ammo.dmi
 + dart
--- C:\Users\Rob\Documents\Projects\Baystation12\icons\obj\atmos.dmi
+++ C:\Users\Rob\Documents\Projects\vgstation13\icons\obj\atmos.dmi
 - aircond0
 - aircond1
--- C:\Users\Rob\Documents\Projects\Baystation12\icons\obj\bureaucracy.dmi
+++ C:\Users\Rob\Documents\Projects\vgstation13\icons\obj\bureaucracy.dmi
 - paper_stamp-cent
 + paper_stamp-intaff
 + paper_stamped_cent
 + stamp-intaff
--- C:\Users\Rob\Documents\Projects\Baystation12\icons\obj\chemical.dmi
+++ C:\Users\Rob\Documents\Projects\vgstation13\icons\obj\chemical.dmi
 + beakerbluespace
 + beakernoreact
 + booze_dispenser
 + lid_beakerbluespace
 + lid_beakernoreact
 + soda_dispenser
--- C:\Users\Rob\Documents\Projects\Baystation12\icons\obj\coatrack.dmi
+++ C:\Users\Rob\Documents\Projects\vgstation13\icons\obj\coatrack.dmi
 + coat_cmo
 + coat_det
 + coat_lab
 - coatrack2
 - coatrack3
--- C:\Users\Rob\Documents\Projects\Baystation12\icons\obj\computer.dmi
+++ C:\Users\Rob\Documents\Projects\vgstation13\icons\obj\computer.dmi
 + syndicam
--- C:\Users\Rob\Documents\Projects\Baystation12\icons\obj\custom_items.dmi
+++ C:\Users\Rob\Documents\Projects\vgstation13\icons\obj\custom_items.dmi
 + aeneasrinil
 + aeneasrinil_open
 + ana_badge
 + ana_uniform
 + asusrose
 + brucehachert
 + eleanorstone
 + eugene_pen
 + konaahirano
 + krinn_hat
 + leamas-empty
 + leamas-loaded
 + leamas-reload
 + lid_eleanorstone
 + lilith_uniform
 + matthewriebhardt
 + milohachert
 + reesemackenzie
 + siraj_tongueleaf
 + solara_dress
 + williamhackett
--- C:\Users\Rob\Documents\Projects\Baystation12\icons\obj\device.dmi
+++ C:\Users\Rob\Documents\Projects\vgstation13\icons\obj\device.dmi
 - handtv
--- C:\Users\Rob\Documents\Projects\Baystation12\icons\obj\drinks.dmi
+++ C:\Users\Rob\Documents\Projects\vgstation13\icons\obj\drinks.dmi
 + (mdr)grapejuice
 + absintheglass
 + bigteacup
 + curacaoglass
 + emeraldglass
 + grapejuice
 + grapesoda
 + grenadinebottle
 + grenadineglass
 + icedteaglass
 - icetea
 + lemonadeglass
 + lemonjuice
 + pwinebottle
 + pwineglass
 + sdreamglass
 - tea
 + vacuumflask
 + waterbottle
--- C:\Users\Rob\Documents\Projects\Baystation12\icons\obj\gate.dmi
+++ C:\Users\Rob\Documents\Projects\vgstation13\icons\obj\gate.dmi
 C:\Users\Rob\Documents\Projects\Baystation12\icons\obj\gate.dmi: Received error, continuing: Traceback (most recent call last):
  File "tools/OpenBYOND/src/DMITool.py", line 133, in compare
    theirsDMI.loadAll()
  File "C:\Users\Rob\Documents\Projects\vgstation13\tools\OpenBYOND\src\com\byond\DMI\__init__.py", line 182, in loadAll
    self.load(flags)
  File "C:\Users\Rob\Documents\Projects\vgstation13\tools\OpenBYOND\src\com\byond\DMI\__init__.py", line 185, in load
    self.img = Image.open(self.filename)
  File "C:\Python33\lib\site-packages\PIL\Image.py", line 1996, in open
    raise IOError("cannot identify image file")
OSError: cannot identify image file

 C:\Users\Rob\Documents\Projects\vgstation13\icons\obj\gate.dmi: Received error, continuing: Traceback (most recent call last):
  File "tools/OpenBYOND/src/DMITool.py", line 149, in compare
    mineDMI.loadMetadata()
  File "C:\Users\Rob\Documents\Projects\vgstation13\tools\OpenBYOND\src\com\byond\DMI\__init__.py", line 179, in loadMetadata
    self.load(flags | DMILoadFlags.NoImages)
  File "C:\Users\Rob\Documents\Projects\vgstation13\tools\OpenBYOND\src\com\byond\DMI\__init__.py", line 185, in load
    self.img = Image.open(self.filename)
  File "C:\Python33\lib\site-packages\PIL\Image.py", line 1996, in open
    raise IOError("cannot identify image file")
OSError: cannot identify image file

--- C:\Users\Rob\Documents\Projects\Baystation12\icons\obj\grenade.dmi
+++ C:\Users\Rob\Documents\Projects\vgstation13\icons\obj\grenade.dmi
 - improvised_grenade
 - improvised_grenade_active
 - improvised_grenade_filled
 - improvised_grenade_wired
 - syndicate
 - syndicate_active
--- C:\Users\Rob\Documents\Projects\Baystation12\icons\obj\harvest.dmi
+++ C:\Users\Rob\Documents\Projects\vgstation13\icons\obj\harvest.dmi
 - ghostchilipepper
 - koibeans
 - moonflower
 - novaflower
--- C:\Users\Rob\Documents\Projects\Baystation12\icons\obj\hydroponics.dmi
+++ C:\Users\Rob\Documents\Projects\vgstation13\icons\obj\hydroponics.dmi
 - chilighost-dead
 - chilighost-grow1
 - chilighost-grow2
 - chilighost-grow3
 - chilighost-grow4
 - chilighost-grow5
 - chilighost-grow6
 - chilighost-harvest
 - koibean-dead
 - koibean-grow1
 - koibean-grow2
 - koibean-grow3
 - koibean-grow4
 - koibean-grow5
 - koibean-grow6
 - koibean-harvest
 - moonflower-dead
 - moonflower-grow1
 - moonflower-grow2
 - moonflower-grow3
 - moonflower-harvest
 - novaflower-grow1
 - novaflower-grow2
 - novaflower-grow3
 - novaflower-harvest
 - portaseeder
--- C:\Users\Rob\Documents\Projects\Baystation12\icons\obj\items.dmi
+++ C:\Users\Rob\Documents\Projects\vgstation13\icons\obj\items.dmi
 - coin_phazon
 - rpd
 - sheet-phazon
--- C:\Users\Rob\Documents\Projects\Baystation12\icons\obj\janitor.dmi
+++ C:\Users\Rob\Documents\Projects\vgstation13\icons\obj\janitor.dmi
 + 4no_raisins
 + candy
 + cart
 + cart_garbage
 + cart_mop
 + cart_replacer
 + cart_sign1
 + cart_sign2
 + cart_sign3
 + cart_sign4
 + cart_spray
 + cheesie_honkers
 + chips
 + pistachios_pack
 + plate
 + popcorn
 + semki_pack
 + snack_bowl
 + sosjerky
 + syndi_cakes
 + trashbag0
 + trashbag1
 + trashbag2
 + trashbag3
 + tray
 + waffles
--- C:\Users\Rob\Documents\Projects\Baystation12\icons\obj\kitchen.dmi
+++ C:\Users\Rob\Documents\Projects\vgstation13\icons\obj\kitchen.dmi
 - mcleaver
 - mcleaverblood
--- C:\Users\Rob\Documents\Projects\Baystation12\icons\obj\library.dmi
+++ C:\Users\Rob\Documents\Projects\vgstation13\icons\obj\library.dmi
 + evabook
 + pipingbook
--- C:\Users\Rob\Documents\Projects\Baystation12\icons\obj\mining.dmi
+++ C:\Users\Rob\Documents\Projects\vgstation13\icons\obj\mining.dmi
 + Phazon
 - Phazon ore
--- C:\Users\Rob\Documents\Projects\Baystation12\icons\obj\objects.dmi
+++ C:\Users\Rob\Documents\Projects\vgstation13\icons\obj\objects.dmi
 - borgcharger
 + coolanttank
 + psychbed
--- C:\Users\Rob\Documents\Projects\Baystation12\icons\obj\paper.dmi
+++ C:\Users\Rob\Documents\Projects\vgstation13\icons\obj\paper.dmi
 + paper_stamp-cap
 + paper_stamp-intaff
 - paper_stamped_cap
 + stamp-intaff
--- C:\Users\Rob\Documents\Projects\Baystation12\icons\obj\pipe-item.dmi
+++ C:\Users\Rob\Documents\Projects\vgstation13\icons\obj\pipe-item.dmi
 - dual-port vent
 - dvalve
 - injector
 - insulated_manifold
 - insulated_manifold4w
 - thermalplate
--- C:\Users\Rob\Documents\Projects\Baystation12\icons\obj\radio.dmi
+++ C:\Users\Rob\Documents\Projects\vgstation13\icons\obj\radio.dmi
 - intercom-frame
 - intercom-open
 - intercom-p-open
--- C:\Users\Rob\Documents\Projects\Baystation12\icons\obj\robotics.dmi
+++ C:\Users\Rob\Documents\Projects\vgstation13\icons\obj\robotics.dmi
 - fab-load-phazon
 - mommispawner-building
 - mommispawner-idle
 - mommispawner-nopower
 - mommispawner-recharging
--- C:\Users\Rob\Documents\Projects\Baystation12\icons\obj\seeds.dmi
+++ C:\Users\Rob\Documents\Projects\vgstation13\icons\obj\seeds.dmi
 - seed-chilighost
 - seed-koibean
 - seed-moonflower
 - seed-novaflower
--- C:\Users\Rob\Documents\Projects\Baystation12\icons\obj\shards.dmi
+++ C:\Users\Rob\Documents\Projects\vgstation13\icons\obj\shards.dmi
 + shrapnellarge
 + shrapnelmedium
 + shrapnelsmall
--- C:\Users\Rob\Documents\Projects\Baystation12\icons\obj\stationobjs.dmi
+++ C:\Users\Rob\Documents\Projects\vgstation13\icons\obj\stationobjs.dmi
 - recharger3
 - wrecharger3
--- C:\Users\Rob\Documents\Projects\Baystation12\icons\obj\stock_parts.dmi
+++ C:\Users\Rob\Documents\Projects\vgstation13\icons\obj\stock_parts.dmi
 - xenoarch_matter_bin
--- C:\Users\Rob\Documents\Projects\Baystation12\icons\obj\storage.dmi
+++ C:\Users\Rob\Documents\Projects\vgstation13\icons\obj\storage.dmi
 - largebox
 - largebox-deployed
--- C:\Users\Rob\Documents\Projects\Baystation12\icons\obj\structures.dmi
+++ C:\Users\Rob\Documents\Projects\vgstation13\icons\obj\structures.dmi
 + rtableflip0
 + rtableflip1+
 + rtableflip1-
 + rtableflip2
 + tableflip0
 + tableflip1+
 + tableflip1-
 + tableflip2
 + woodflip0
 + woodflip1+
 + woodflip1-
 + woodflip2
--- C:\Users\Rob\Documents\Projects\Baystation12\icons\obj\tank.dmi
+++ C:\Users\Rob\Documents\Projects\vgstation13\icons\obj\tank.dmi
 - emergency_nitrogen
 - jetpack-red
 - jetpack-red-on
--- C:\Users\Rob\Documents\Projects\Baystation12\icons\obj\telescience.dmi
+++ C:\Users\Rob\Documents\Projects\vgstation13\icons\obj\telescience.dmi
 + bluespace_crystal
--- C:\Users\Rob\Documents\Projects\Baystation12\icons\obj\vehicles.dmi
+++ C:\Users\Rob\Documents\Projects\vgstation13\icons\obj\vehicles.dmi
 - pussywagon_destroyed
--- C:\Users\Rob\Documents\Projects\Baystation12\icons\obj\weapons.dmi
+++ C:\Users\Rob\Documents\Projects\vgstation13\icons\obj\weapons.dmi
 - Paddle_wield
 - butcherknife
 - defib_emag
 - defib_empty
 - defib_full
 - defib_half
 - defib_lefthand
 - defib_low
 - defib_nobattery
 - defib_righthand
 - defibpaddle_in
 - defibpaddlein_full
 - defibpaddlein_half
 - defibpaddlein_low
 - defibpaddleout_full
 - defibpaddleout_half
 - defibpaddleout_low
 - dualsabergreen
 - hfrequency
 - kit_0
 - kit_1
 - paddle_lefthand
 - paddle_righthand
 - stun baton
 - stun baton_active
 - stun baton_nocell
 + stunbaton
 - stunprod
 - stunprod_active
 - stunprod_nocell
 - wiredrod
--- C:\Users\Rob\Documents\Projects\Baystation12\icons\obj\xenoarchaeology.dmi
+++ C:\Users\Rob\Documents\Projects\vgstation13\icons\obj\xenoarchaeology.dmi
 + flashgun
--- C:\Users\Rob\Documents\Projects\Baystation12\icons\obj\assemblies\new_assemblies.dmi
+++ C:\Users\Rob\Documents\Projects\vgstation13\icons\obj\assemblies\new_assemblies.dmi
 - anomaly core
 - anomaly core_left
 - anomaly core_right
 - voice
 - voice_left
 - voice_right
--- C:\Users\Rob\Documents\Projects\Baystation12\icons\obj\atmospherics\cold_sink.dmi
+++ C:\Users\Rob\Documents\Projects\vgstation13\icons\obj\atmospherics\cold_sink.dmi
 + exposed
 - hoff
 - hon_cool
 - hon_heat
 - hon_idle
 + intact_off
 + intact_on
 - off
 - old_exposed
 - old_intact_off
 - old_intact_on
 - on_cool
 - on_heat
 - on_idle
--- C:\Users\Rob\Documents\Projects\Baystation12\icons\obj\atmospherics\red_pipe.dmi
+++ C:\Users\Rob\Documents\Projects\vgstation13\icons\obj\atmospherics\red_pipe.dmi
 - manifold
 - manifold-f
 - manifold4w
 - manifold4w-f
 - manifold_10_1
 - manifold_10_4
 - manifold_12_1
 - manifold_12_2
 - manifold_1_10
 - manifold_1_12
 - manifold_1_6
 - manifold_2_12
 - manifold_2_5
 - manifold_2_9
 - manifold_3_4
 - manifold_3_8
 - manifold_4_10
 - manifold_4_3
 - manifold_4_9
 - manifold_5_2
 - manifold_5_8
 - manifold_6_1
 - manifold_6_8
 - manifold_8_3
 - manifold_8_5
 - manifold_8_6
 - manifold_9_2
 - manifold_9_4
--- C:\Users\Rob\Documents\Projects\Baystation12\icons\obj\atmospherics\vent_scrubber.dmi
+++ C:\Users\Rob\Documents\Projects\vgstation13\icons\obj\atmospherics\vent_scrubber.dmi
 - hon1
 - on1
--- C:\Users\Rob\Documents\Projects\Baystation12\icons\obj\clothing\belts.dmi
+++ C:\Users\Rob\Documents\Projects\vgstation13\icons\obj\clothing\belts.dmi
 + inflatable
--- C:\Users\Rob\Documents\Projects\Baystation12\icons\obj\clothing\hats.dmi
+++ C:\Users\Rob\Documents\Projects\vgstation13\icons\obj\clothing\hats.dmi
 + corpsoft
 + corpsoft_flipped
 + e_beret_badge
 - ert_commander
 - ert_engineer
 - ert_medical
 - ert_security
 - paramedic-eva-helmet
 - paramedicsoft
 - paramedicsoft_flipped
 + rig0-ert_commander
 + rig0-ert_engineer
 + rig0-ert_medical
 + rig0-ert_security
 + rig0-taj-helmet
 + rig1-ert_commander
 + rig1-ert_engineer
 + rig1-ert_medical
 + rig1-ert_security
 + rig1-taj-helmet
 + skrell_helmet_black
 + skrell_helmet_white
 + unathi_breacher
 + vox-medic
 - vox-pressure-engineer
 - vox-pressure-medical
 - vox-pressure-normal
 - vox-pressure-science
 - vox-pressure-security
 - vox-pressure-specops
 + vox-stealth
--- C:\Users\Rob\Documents\Projects\Baystation12\icons\obj\clothing\masks.dmi
+++ C:\Users\Rob\Documents\Projects\vgstation13\icons\obj\clothing\masks.dmi
 + snorkel
--- C:\Users\Rob\Documents\Projects\Baystation12\icons\obj\clothing\shoes.dmi
+++ C:\Users\Rob\Documents\Projects\vgstation13\icons\obj\clothing\shoes.dmi
 + flipperfeet
--- C:\Users\Rob\Documents\Projects\Baystation12\icons\obj\clothing\suits.dmi
+++ C:\Users\Rob\Documents\Projects\vgstation13\icons\obj\clothing\suits.dmi
 - paramedic-eva
 - paramedic-vest
 - paramedic-vest-old
 + rig-taj
 + skrell_suit_black
 + skrell_suit_white
 + unathi_breacher
 + vox-medic
 - vox-pressure-engineer
 - vox-pressure-medical
 - vox-pressure-normal
 - vox-pressure-science
 - vox-pressure-security
 - vox-pressure-specops
 + vox-stealth
--- C:\Users\Rob\Documents\Projects\Baystation12\icons\obj\clothing\uniforms.dmi
+++ C:\Users\Rob\Documents\Projects\vgstation13\icons\obj\clothing\uniforms.dmi
 + hopwhimsy
 + hos_corporate
 - paramedic
 - paramedic_old
 + polsuit
 + sec_corporate
 + warden_corporate
--- C:\Users\Rob\Documents\Projects\Baystation12\icons\obj\doors\DoorHazard2x1.dmi
+++ C:\Users\Rob\Documents\Projects\vgstation13\icons\obj\doors\DoorHazard2x1.dmi
 - door_closed: door_closed: 1 frames, 1 directions
 + door_closed: door_closed: 1 frames, 4 directions
 + door_closing
 + door_deny
 + door_locked
 - door_open: door_open: 1 frames, 1 directions
 + door_open: door_open: 1 frames, 4 directions
 + door_opening
 + welded
 + welded_open
--- C:\Users\Rob\Documents\Projects\Baystation12\icons\obj\machines\antimatter.dmi
+++ C:\Users\Rob\Documents\Projects\vgstation13\icons\obj\machines\antimatter.dmi
 - control_critical
 + core
 - core0
 - core1
 - coreshield_1
 - coreshield_10
 - coreshield_11
 - coreshield_13
 - coreshield_14
 - coreshield_15
 - coreshield_2
 - coreshield_4
 - coreshield_5
 - coreshield_6
 - coreshield_7
 - coreshield_8
 - coreshield_9
 - shield_11
 - shield_12
 - shield_13
 - shield_14
 - shield_15
 - shield_3
 - shield_7
 + shielding
--- C:\Users\Rob\Documents\Projects\Baystation12\icons\obj\machines\research.dmi
+++ C:\Users\Rob\Documents\Projects\vgstation13\icons\obj\machines\research.dmi
 - circuit_imprinter_link
 - d_analyzer_link
 - protolathe_link
--- C:\Users\Rob\Documents\Projects\Baystation12\icons\obj\pipes\heat.dmi
+++ C:\Users\Rob\Documents\Projects\vgstation13\icons\obj\pipes\heat.dmi
 - intact-f
--- C:\Users\Rob\Documents\Projects\Baystation12\icons\obj\pipes\junction.dmi
+++ C:\Users\Rob\Documents\Projects\vgstation13\icons\obj\pipes\junction.dmi
 - intact-f
--- C:\Users\Rob\Documents\Projects\Baystation12\icons\obj\pipes\large.dmi
+++ C:\Users\Rob\Documents\Projects\vgstation13\icons\obj\pipes\large.dmi
 C:\Users\Rob\Documents\Projects\Baystation12\icons\obj\pipes\large.dmi: Received error, continuing: Traceback (most recent call last):
  File "tools/OpenBYOND/src/DMITool.py", line 133, in compare
    theirsDMI.loadAll()
  File "C:\Users\Rob\Documents\Projects\vgstation13\tools\OpenBYOND\src\com\byond\DMI\__init__.py", line 182, in loadAll
    self.load(flags)
  File "C:\Users\Rob\Documents\Projects\vgstation13\tools\OpenBYOND\src\com\byond\DMI\__init__.py", line 185, in load
    self.img = Image.open(self.filename)
  File "C:\Python33\lib\site-packages\PIL\Image.py", line 1996, in open
    raise IOError("cannot identify image file")
OSError: cannot identify image file

 C:\Users\Rob\Documents\Projects\vgstation13\icons\obj\pipes\large.dmi: Received error, continuing: Traceback (most recent call last):
  File "tools/OpenBYOND/src/DMITool.py", line 149, in compare
    mineDMI.loadMetadata()
  File "C:\Users\Rob\Documents\Projects\vgstation13\tools\OpenBYOND\src\com\byond\DMI\__init__.py", line 179, in loadMetadata
    self.load(flags | DMILoadFlags.NoImages)
  File "C:\Users\Rob\Documents\Projects\vgstation13\tools\OpenBYOND\src\com\byond\DMI\__init__.py", line 185, in load
    self.img = Image.open(self.filename)
  File "C:\Python33\lib\site-packages\PIL\Image.py", line 1996, in open
    raise IOError("cannot identify image file")
OSError: cannot identify image file

--- C:\Users\Rob\Documents\Projects\Baystation12\icons\turf\areas.dmi
+++ C:\Users\Rob\Documents\Projects\vgstation13\icons\turf\areas.dmi
 - honk
 - radiation
 - xenocell1
 - xenocell2
 - xenocell3
 - xenocell4
 - xenocell5
 - xenocell6
--- C:\Users\Rob\Documents\Projects\Baystation12\icons\turf\floors.dmi
+++ C:\Users\Rob\Documents\Projects\vgstation13\icons\turf\floors.dmi
 - checker
 - concrete
 - enginebot
 - enginedelivery
 - engineloadingarea
 - enginewarn
 - enginewarncorner
 - vault-border
--- C:\Users\Rob\Documents\Projects\Baystation12\icons\turf\space.dmi
+++ C:\Users\Rob\Documents\Projects\vgstation13\icons\turf\space.dmi
 - debug-east
 - debug-north
--- C:\Users\Rob\Documents\Projects\Baystation12\icons\turf\walls.dmi
+++ C:\Users\Rob\Documents\Projects\vgstation13\icons\turf\walls.dmi
 - rock_Phazon